{
  "project_info": {
    "project_number": "59453427655",
    "project_id": "zinngle-app-30",
    "storage_bucket": "zinngle-app-30.firebasestorage.app"
  },
  "client": [
    {
      "client_info": {
        "mobilesdk_app_id": "1:59453427655:android:eaf383a9b3ec9c929b93e2",
        "android_client_info": {
          "package_name": "com.example.zinngle_app22"
        }
      },
      "oauth_client": [],
      "api_key": [
        {
          "current_key": "AIzaSyDZzR60WkQ5X6w5ouhHFcW6DoLp7xQQJH8"
        }
      ],
      "services": {
        "appinvite_service": {
          "other_platform_oauth_client": []
        }
      }
    }
  ],
  "configuration_version": "1"
}