{"flutter":{"platforms":{"android":{"default":{"projectId":"zinngle-app-30","appId":"1:59453427655:android:eaf383a9b3ec9c929b93e2","fileOutput":"android/app/google-services.json"}},"dart":{"lib/firebase_options.dart":{"projectId":"zinngle-app-30","configurations":{"android":"1:59453427655:android:eaf383a9b3ec9c929b93e2","ios":"1:59453427655:ios:736cf03e61476c5f9b93e2","macos":"1:59453427655:ios:736cf03e61476c5f9b93e2","web":"1:59453427655:web:762cfa2a89893bcc9b93e2","windows":"1:59453427655:web:032ee2734e55f9929b93e2"}}}}}}