{
  "info": {
    "_postman_id": "abcd1234-5678-90ef-ghij-klmnopqrstuv",
    "name": "Zinngle API",
    "schema": "https://schema.getpostman.com/json/collection/v2.1.0/collection.json"
  },
  "item": [
    {
      "name": "Login",
      "request": {
        "method": "POST",
        "header": [
          { "key": "Content-Type", "value": "application/json" }
        ],
        "body": {
          "mode": "raw",
          "raw": "{\n  \"email\": \"user@example.com\",\n  \"password\": \"password123\"\n}"
        },
        "url": {
          "raw": "http://localhost:8080/api/v1/auth/login",
          "protocol": "http",
          "host": ["localhost"],
          "port": "8080",
          "path": ["api", "v1", "auth", "login"]
        }
      },
      "response": []
    }
  ]
}